Time,Person In,Person Out
2022/09/02 05:38:42,1,
2022/09/02 05:40:19,,1
2022/09/02 07:05:52,1,
2022/09/02 07:07:22,1,
2022/09/02 07:09:09,,1
2022/09/02 07:12:14,,1
2022/09/02 07:13:48,,1
2022/09/02 07:32:09,1,
2022/09/02 07:50:59,1,
2022/09/02 07:57:32,1,
2022/09/02 07:58:30,1,
2022/09/02 08:01:28,1,
2022/09/02 08:05:27,1,
2022/09/02 08:05:27,1,
2022/09/02 08:06:25,1,
2022/09/02 08:12:47,,1
2022/09/02 08:12:47,,1
2022/09/02 08:14:27,,1
2022/09/02 08:15:54,,1
2022/09/02 08:15:55,,1
2022/09/02 08:18:39,,1
2022/09/02 08:18:55,,1
2022/09/02 08:19:27,,1
2022/09/02 08:21:30,,1
2022/09/02 08:23:06,,1
2022/09/02 08:26:42,,1
2022/09/02 08:29:03,1,
2022/09/02 08:32:56,1,
2022/09/02 08:33:56,,1
2022/09/02 08:34:49,,1
2022/09/02 08:37:27,1,
2022/09/02 08:40:50,,1
2022/09/02 08:41:30,,1
2022/09/02 08:41:59,1,
2022/09/02 08:42:00,1,
2022/09/02 08:46:09,1,
2022/09/02 08:47:21,1,
2022/09/02 08:50:34,1,
2022/09/02 08:51:16,,1
2022/09/02 08:51:53,,1
2022/09/02 08:53:28,1,
2022/09/02 08:53:28,1,
2022/09/02 08:53:51,1,
2022/09/02 08:56:08,,1
2022/09/02 08:56:16,1,
2022/09/02 08:59:00,1,
2022/09/02 09:00:08,,1
2022/09/02 09:00:33,,1
2022/09/02 09:01:24,1,
2022/09/02 09:01:30,1,
2022/09/02 09:01:52,,1
2022/09/02 09:02:04,1,
2022/09/02 09:03:20,1,
2022/09/02 09:06:41,,1
2022/09/02 09:07:07,,1
2022/09/02 09:08:09,1,
2022/09/02 09:11:45,,1
2022/09/02 09:11:56,1,
2022/09/02 09:12:48,1,
2022/09/02 09:13:06,,1
2022/09/02 09:15:36,,1
2022/09/02 09:16:05,,1
2022/09/02 09:18:46,,1
2022/09/02 09:20:32,1,
2022/09/02 09:26:00,,1
2022/09/02 09:28:32,,1
2022/09/02 09:29:19,1,
2022/09/02 09:29:58,1,
2022/09/02 09:32:10,1,
2022/09/02 09:35:49,1,
2022/09/02 09:39:08,,1
2022/09/02 09:39:34,,1
2022/09/02 09:41:10,1,
2022/09/02 09:47:02,,1
2022/09/02 09:48:07,,1
2022/09/02 09:49:58,,1
2022/09/02 09:49:59,,1
2022/09/02 09:50:00,,1
2022/09/02 09:50:00,,1
2022/09/02 09:53:31,,1
2022/09/02 09:55:54,1,
2022/09/02 09:57:06,,1
2022/09/02 09:59:36,1,
2022/09/02 10:01:58,,1
2022/09/02 10:08:41,,1
2022/09/02 10:13:20,,1
2022/09/02 10:19:09,1,
2022/09/02 10:20:17,1,
2022/09/02 10:20:31,1,
2022/09/02 10:21:49,,1
2022/09/02 10:23:44,,1
2022/09/02 10:26:27,,1
2022/09/02 10:27:44,,1
2022/09/02 10:28:14,1,
2022/09/02 10:28:17,,1
2022/09/02 10:28:32,,1
2022/09/02 10:36:52,1,
2022/09/02 10:39:30,1,
2022/09/02 10:42:32,1,
2022/09/02 10:45:26,1,
2022/09/02 10:45:28,1,
2022/09/02 10:48:16,1,
2022/09/02 10:49:18,,1
2022/09/02 10:53:08,,1
2022/09/02 10:56:37,,1
2022/09/02 10:58:10,1,
2022/09/02 10:58:34,,1
2022/09/02 10:59:41,,1
2022/09/02 11:01:38,,1
2022/09/02 11:03:42,,1
2022/09/02 11:04:38,,1
2022/09/02 11:05:28,1,
2022/09/02 11:06:06,,1
2022/09/02 11:07:35,1,
2022/09/02 11:07:48,1,
2022/09/02 11:07:48,1,
2022/09/02 11:08:04,1,
2022/09/02 11:08:05,,1
2022/09/02 11:08:43,,1
2022/09/02 11:08:45,1,
2022/09/02 11:08:47,1,
2022/09/02 11:10:14,,1
2022/09/02 11:11:45,,1
2022/09/02 11:11:53,1,
2022/09/02 11:12:06,1,
2022/09/02 11:12:22,1,
2022/09/02 11:14:32,1,
2022/09/02 11:14:34,1,
2022/09/02 11:15:03,1,
2022/09/02 11:19:40,1,
2022/09/02 11:20:50,,1
2022/09/02 11:22:58,,1
2022/09/02 11:23:56,1,
2022/09/02 11:24:12,1,
2022/09/02 11:25:34,1,
2022/09/02 11:25:36,1,
2022/09/02 11:25:49,1,
2022/09/02 11:26:02,,1
2022/09/02 11:26:24,,1
2022/09/02 11:26:26,,1
2022/09/02 11:26:42,1,
2022/09/02 11:26:53,1,
2022/09/02 11:26:54,,1
2022/09/02 11:26:55,1,
2022/09/02 11:27:09,1,
2022/09/02 11:27:26,1,
2022/09/02 11:27:30,1,
2022/09/02 11:27:31,,1
2022/09/02 11:28:01,1,
2022/09/02 11:28:18,,1
2022/09/02 11:28:18,1,
2022/09/02 11:28:20,,1
2022/09/02 11:28:28,1,
2022/09/02 11:28:31,1,
2022/09/02 11:28:32,1,
2022/09/02 11:29:20,1,
2022/09/02 11:29:23,,1
2022/09/02 11:29:24,,1
2022/09/02 11:29:25,1,
2022/09/02 11:29:26,,1
2022/09/02 11:29:27,1,
2022/09/02 11:29:40,1,
2022/09/02 11:29:41,1,
2022/09/02 11:29:52,,1
2022/09/02 11:29:54,1,
2022/09/02 11:30:41,1,
2022/09/02 11:30:42,1,
2022/09/02 11:30:44,1,
2022/09/02 11:30:44,1,
2022/09/02 11:31:32,,1
2022/09/02 11:32:36,1,
2022/09/02 11:32:37,1,
2022/09/02 11:32:48,1,
2022/09/02 11:33:19,,1
2022/09/02 11:33:20,,1
2022/09/02 11:33:21,,1
2022/09/02 11:33:30,1,
2022/09/02 11:33:47,1,
2022/09/02 11:34:24,1,
2022/09/02 11:34:28,1,
2022/09/02 11:34:38,,1
2022/09/02 11:34:39,,1
2022/09/02 11:34:40,1,
2022/09/02 11:34:42,1,
2022/09/02 11:34:42,,1
2022/09/02 11:35:20,1,
2022/09/02 11:35:31,1,
2022/09/02 11:35:33,1,
2022/09/02 11:35:34,,1
2022/09/02 11:35:38,,1
2022/09/02 11:35:38,1,
2022/09/02 11:36:34,1,
2022/09/02 11:37:01,,1
2022/09/02 11:37:05,1,
2022/09/02 11:37:10,1,
2022/09/02 11:37:14,1,
2022/09/02 11:38:43,1,
2022/09/02 11:39:23,1,
2022/09/02 11:39:23,,1
2022/09/02 11:39:27,1,
2022/09/02 11:39:28,1,
2022/09/02 11:39:31,,1
2022/09/02 11:39:32,1,
2022/09/02 11:39:53,,1
2022/09/02 11:40:06,1,
2022/09/02 11:40:17,1,
2022/09/02 11:40:20,1,
2022/09/02 11:40:46,1,
2022/09/02 11:40:48,1,
2022/09/02 11:41:14,1,
2022/09/02 11:41:16,1,
2022/09/02 11:41:19,,1
2022/09/02 11:41:54,1,
2022/09/02 11:41:55,1,
2022/09/02 11:42:02,1,
2022/09/02 11:42:11,1,
2022/09/02 11:42:12,1,
2022/09/02 11:42:13,,1
2022/09/02 11:42:15,1,
2022/09/02 11:42:16,1,
2022/09/02 11:42:16,,1
2022/09/02 11:42:57,1,
2022/09/02 11:43:17,1,
2022/09/02 11:43:18,,1
2022/09/02 11:43:18,1,
2022/09/02 11:43:21,1,
2022/09/02 11:43:32,,1
2022/09/02 11:43:32,,1
2022/09/02 11:44:08,1,
2022/09/02 11:44:12,1,
2022/09/02 11:44:37,,1
2022/09/02 11:45:03,1,
2022/09/02 11:45:11,,1
2022/09/02 11:45:37,1,
2022/09/02 11:45:54,1,
2022/09/02 11:45:55,1,
2022/09/02 11:46:19,1,
2022/09/02 11:46:31,1,
2022/09/02 11:46:32,1,
2022/09/02 11:46:34,1,
2022/09/02 11:46:36,1,
2022/09/02 11:46:54,,1
2022/09/02 11:47:09,1,
2022/09/02 11:47:11,1,
2022/09/02 11:47:20,,1
2022/09/02 11:47:38,1,
2022/09/02 11:48:04,1,
2022/09/02 11:48:26,,1
2022/09/02 11:48:32,,1
2022/09/02 11:48:55,1,
2022/09/02 11:48:56,1,
2022/09/02 11:48:57,1,
2022/09/02 11:48:58,1,
2022/09/02 11:49:01,1,
2022/09/02 11:49:19,,1
2022/09/02 11:49:37,1,
2022/09/02 11:50:15,,1
2022/09/02 11:50:16,,1
2022/09/02 11:50:25,1,
2022/09/02 11:50:33,1,
2022/09/02 11:51:35,1,
2022/09/02 11:51:38,1,
2022/09/02 11:51:43,1,
2022/09/02 11:51:49,,1
2022/09/02 11:51:49,,1
2022/09/02 11:52:04,,1
2022/09/02 11:52:05,,1
2022/09/02 11:52:32,1,
2022/09/02 11:52:32,1,
2022/09/02 11:52:37,,1
2022/09/02 11:52:37,1,
2022/09/02 11:52:38,1,
2022/09/02 11:52:39,,1
2022/09/02 11:53:08,1,
2022/09/02 11:53:26,,1
2022/09/02 11:54:19,1,
2022/09/02 11:54:48,,1
2022/09/02 11:54:49,,1
2022/09/02 11:55:14,,1
2022/09/02 11:55:44,,1
2022/09/02 11:56:17,1,
2022/09/02 11:56:18,1,
2022/09/02 11:56:18,,1
2022/09/02 11:56:19,1,
2022/09/02 11:56:20,1,
2022/09/02 11:56:21,1,
2022/09/02 11:56:33,1,
2022/09/02 11:56:49,,1
2022/09/02 11:57:09,1,
2022/09/02 11:57:09,,1
2022/09/02 11:57:10,1,
2022/09/02 11:57:11,1,
2022/09/02 11:57:16,1,
2022/09/02 11:57:59,,1
2022/09/02 11:58:24,,1
2022/09/02 11:58:26,1,
2022/09/02 11:58:27,1,
2022/09/02 11:58:45,,1
2022/09/02 11:58:46,,1
2022/09/02 11:58:48,,1
2022/09/02 11:58:52,,1
2022/09/02 11:59:36,1,
2022/09/02 11:59:41,1,
2022/09/02 12:00:26,1,
2022/09/02 12:00:27,1,
2022/09/02 12:01:00,,1
2022/09/02 12:01:01,,1
2022/09/02 12:01:01,,1
2022/09/02 12:01:02,1,
2022/09/02 12:01:23,1,
2022/09/02 12:01:24,,1
2022/09/02 12:01:25,1,
2022/09/02 12:01:26,1,
2022/09/02 12:01:28,1,
2022/09/02 12:01:50,,1
2022/09/02 12:02:11,,1
2022/09/02 12:02:44,1,
2022/09/02 12:02:45,1,
2022/09/02 12:02:46,1,
2022/09/02 12:02:46,,1
2022/09/02 12:02:47,1,
2022/09/02 12:02:47,1,
2022/09/02 12:02:47,,1
2022/09/02 12:02:48,,1
2022/09/02 12:02:49,,1
2022/09/02 12:02:50,1,
2022/09/02 12:03:17,1,
2022/09/02 12:03:21,1,
2022/09/02 12:03:24,,1
2022/09/02 12:03:24,1,
2022/09/02 12:03:54,,1
2022/09/02 12:03:56,,1
2022/09/02 12:03:58,1,
2022/09/02 12:03:58,1,
2022/09/02 12:04:00,1,
2022/09/02 12:04:00,1,
2022/09/02 12:04:14,,1
2022/09/02 12:04:17,,1
2022/09/02 12:04:19,,1
2022/09/02 12:04:22,1,
2022/09/02 12:04:23,,1
2022/09/02 12:05:02,1,
2022/09/02 12:05:03,1,
2022/09/02 12:06:03,1,
2022/09/02 12:06:05,,1
2022/09/02 12:06:05,,1
2022/09/02 12:06:08,1,
2022/09/02 12:06:13,1,
2022/09/02 12:06:41,,1
2022/09/02 12:06:51,,1
2022/09/02 12:06:55,,1
2022/09/02 12:07:15,1,
2022/09/02 12:07:17,1,
2022/09/02 12:07:22,,1
2022/09/02 12:07:23,,1
2022/09/02 12:07:24,,1
2022/09/02 12:07:25,,1
2022/09/02 12:07:56,1,
2022/09/02 12:08:03,1,
2022/09/02 12:08:12,1,
2022/09/02 12:08:13,,1
2022/09/02 12:08:26,1,
2022/09/02 12:08:31,1,
2022/09/02 12:09:19,,1
2022/09/02 12:09:20,1,
2022/09/02 12:09:52,1,
2022/09/02 12:09:58,,1
2022/09/02 12:10:00,1,
2022/09/02 12:10:09,1,
2022/09/02 12:10:10,1,
2022/09/02 12:10:20,,1
2022/09/02 12:10:22,,1
2022/09/02 12:10:23,1,
2022/09/02 12:10:24,,1
2022/09/02 12:10:25,,1
2022/09/02 12:10:48,1,
2022/09/02 12:10:49,1,
2022/09/02 12:10:56,,1
2022/09/02 12:10:57,1,
2022/09/02 12:11:03,1,
2022/09/02 12:11:11,1,
2022/09/02 12:11:18,,1
2022/09/02 12:11:20,,1
2022/09/02 12:11:21,1,
2022/09/02 12:11:22,,1
2022/09/02 12:11:26,1,
2022/09/02 12:11:27,1,
2022/09/02 12:12:17,,1
2022/09/02 12:12:23,,1
2022/09/02 12:12:24,1,
2022/09/02 12:13:00,1,
2022/09/02 12:13:05,1,
2022/09/02 12:13:07,1,
2022/09/02 12:13:08,1,
2022/09/02 12:13:08,,1
2022/09/02 12:13:09,1,
2022/09/02 12:13:10,1,
2022/09/02 12:13:11,1,
2022/09/02 12:13:20,,1
2022/09/02 12:13:20,,1
2022/09/02 12:13:47,,1
2022/09/02 12:13:48,,1
2022/09/02 12:13:49,,1
2022/09/02 12:13:49,,1
2022/09/02 12:13:50,,1
2022/09/02 12:13:54,,1
2022/09/02 12:14:12,,1
2022/09/02 12:14:14,,1
2022/09/02 12:14:25,1,
2022/09/02 12:14:25,1,
2022/09/02 12:15:15,,1
2022/09/02 12:15:15,1,
2022/09/02 12:15:16,,1
2022/09/02 12:15:21,1,
2022/09/02 12:15:21,1,
2022/09/02 12:15:30,1,
2022/09/02 12:15:30,1,
2022/09/02 12:16:04,,1
2022/09/02 12:16:05,1,
2022/09/02 12:16:13,,1
2022/09/02 12:16:17,,1
2022/09/02 12:16:25,1,
2022/09/02 12:16:30,1,
2022/09/02 12:16:30,1,
2022/09/02 12:16:30,1,
2022/09/02 12:16:33,1,
2022/09/02 12:16:36,1,
2022/09/02 12:16:38,1,
2022/09/02 12:16:39,1,
2022/09/02 12:16:41,1,
2022/09/02 12:17:11,,1
2022/09/02 12:17:11,,1
2022/09/02 12:17:13,,1
2022/09/02 12:17:21,1,
2022/09/02 12:17:23,1,
2022/09/02 12:17:25,1,
2022/09/02 12:17:25,1,
2022/09/02 12:18:15,,1
2022/09/02 12:18:18,,1
2022/09/02 12:18:18,,1
2022/09/02 12:18:50,,1
2022/09/02 12:19:11,1,
2022/09/02 12:19:13,1,
2022/09/02 12:19:13,1,
2022/09/02 12:19:16,1,
2022/09/02 12:19:35,,1
2022/09/02 12:19:49,1,
2022/09/02 12:19:50,1,
2022/09/02 12:20:07,,1
2022/09/02 12:20:10,,1
2022/09/02 12:20:39,,1
2022/09/02 12:20:39,,1
2022/09/02 12:21:12,1,
2022/09/02 12:21:12,1,
2022/09/02 12:21:56,1,
2022/09/02 12:22:09,,1
2022/09/02 12:22:10,,1
2022/09/02 12:22:27,,1
2022/09/02 12:22:42,1,
2022/09/02 12:22:42,1,
2022/09/02 12:22:53,,1
2022/09/02 12:23:17,,1
2022/09/02 12:23:18,,1
2022/09/02 12:23:33,,1
2022/09/02 12:23:39,1,
2022/09/02 12:23:40,,1
2022/09/02 12:23:40,,1
2022/09/02 12:24:23,,1
2022/09/02 12:24:57,,1
2022/09/02 12:25:09,1,
2022/09/02 12:25:10,,1
2022/09/02 12:26:00,1,
2022/09/02 12:26:29,1,
2022/09/02 12:26:40,,1
2022/09/02 12:26:41,,1
2022/09/02 12:26:49,1,
2022/09/02 12:26:51,1,
2022/09/02 12:26:51,,1
2022/09/02 12:27:31,1,
2022/09/02 12:27:57,,1
2022/09/02 12:28:14,1,
2022/09/02 12:28:18,,1
2022/09/02 12:28:20,,1
2022/09/02 12:28:30,1,
2022/09/02 12:28:40,1,
2022/09/02 12:28:49,,1
2022/09/02 12:29:18,,1
2022/09/02 12:29:19,,1
2022/09/02 12:29:34,,1
2022/09/02 12:29:37,1,
2022/09/02 12:29:41,1,
2022/09/02 12:30:10,,1
2022/09/02 12:30:15,,1
2022/09/02 12:30:16,,1
2022/09/02 12:30:54,,1
2022/09/02 12:31:20,,1
2022/09/02 12:31:46,,1
2022/09/02 12:31:47,1,
2022/09/02 12:31:47,,1
2022/09/02 12:31:48,,1
2022/09/02 12:31:49,,1
2022/09/02 12:32:02,1,
2022/09/02 12:32:03,,1
2022/09/02 12:32:27,1,
2022/09/02 12:32:38,,1
2022/09/02 12:32:39,,1
2022/09/02 12:32:39,,1
2022/09/02 12:33:23,,1
2022/09/02 12:33:24,,1
2022/09/02 12:33:37,,1
2022/09/02 12:33:41,1,
2022/09/02 12:33:42,1,
2022/09/02 12:33:43,,1
2022/09/02 12:33:47,1,
2022/09/02 12:34:07,1,
2022/09/02 12:34:20,1,
2022/09/02 12:34:36,1,
2022/09/02 12:34:37,,1
2022/09/02 12:34:37,,1
2022/09/02 12:35:12,1,
2022/09/02 12:35:15,,1
2022/09/02 12:35:16,,1
2022/09/02 12:35:17,1,
2022/09/02 12:35:46,,1
2022/09/02 12:35:49,1,
2022/09/02 12:35:59,1,
2022/09/02 12:35:59,1,
2022/09/02 12:36:34,1,
2022/09/02 12:36:42,,1
2022/09/02 12:36:43,,1
2022/09/02 12:36:45,,1
2022/09/02 12:36:46,,1
2022/09/02 12:36:47,,1
2022/09/02 12:37:03,1,
2022/09/02 12:38:11,1,
2022/09/02 12:38:16,1,
2022/09/02 12:38:22,,1
2022/09/02 12:39:01,1,
2022/09/02 12:39:49,1,
2022/09/02 12:39:49,1,
2022/09/02 12:39:56,1,
2022/09/02 12:40:44,1,
2022/09/02 12:41:08,1,
2022/09/02 12:41:09,,1
2022/09/02 12:41:26,1,
2022/09/02 12:41:47,,1
2022/09/02 12:41:54,1,
2022/09/02 12:42:18,1,
2022/09/02 12:42:20,1,
2022/09/02 12:42:25,1,
2022/09/02 12:42:37,,1
2022/09/02 12:42:37,,1
2022/09/02 12:42:51,,1
2022/09/02 12:42:51,,1
2022/09/02 12:42:54,,1
2022/09/02 12:43:16,1,
2022/09/02 12:43:27,,1
2022/09/02 12:43:28,,1
2022/09/02 12:43:30,,1
2022/09/02 12:43:33,1,
2022/09/02 12:43:48,1,
2022/09/02 12:43:49,1,
2022/09/02 12:44:03,,1
2022/09/02 12:44:03,,1
2022/09/02 12:44:15,,1
2022/09/02 12:44:24,1,
2022/09/02 12:44:29,,1
2022/09/02 12:45:22,1,
2022/09/02 12:45:28,1,
2022/09/02 12:45:30,1,
2022/09/02 12:45:42,,1
2022/09/02 12:45:44,,1
2022/09/02 12:45:44,,1
2022/09/02 12:46:13,1,
2022/09/02 12:46:14,1,
2022/09/02 12:46:16,1,
2022/09/02 12:46:23,,1
2022/09/02 12:47:57,,1
2022/09/02 12:48:29,1,
2022/09/02 12:48:32,1,
2022/09/02 12:48:48,,1
2022/09/02 12:48:59,1,
2022/09/02 12:49:00,,1
2022/09/02 12:49:01,,1
2022/09/02 12:49:35,,1
2022/09/02 12:49:35,,1
2022/09/02 12:49:36,,1
2022/09/02 12:49:48,1,
2022/09/02 12:50:28,1,
2022/09/02 12:50:49,1,
2022/09/02 12:51:34,,1
2022/09/02 12:51:39,,1
2022/09/02 12:51:45,1,
2022/09/02 12:51:56,,1
2022/09/02 12:51:58,,1
2022/09/02 12:51:59,,1
2022/09/02 12:53:17,1,
2022/09/02 12:53:20,1,
2022/09/02 12:53:20,1,
2022/09/02 12:53:21,1,
2022/09/02 12:53:30,,1
2022/09/02 12:53:34,1,
2022/09/02 12:53:35,1,
2022/09/02 12:54:26,1,
2022/09/02 12:54:29,1,
2022/09/02 12:54:31,,1
2022/09/02 12:54:53,,1
2022/09/02 12:54:54,,1
2022/09/02 12:54:56,,1
2022/09/02 12:55:10,,1
2022/09/02 12:55:12,,1
2022/09/02 12:55:13,1,
2022/09/02 12:55:52,,1
2022/09/02 12:55:55,,1
2022/09/02 12:55:57,,1
2022/09/02 12:56:27,1,
2022/09/02 12:56:27,1,
2022/09/02 12:56:35,1,
2022/09/02 12:56:47,,1
2022/09/02 12:56:53,,1
2022/09/02 12:58:00,,1
2022/09/02 12:58:05,1,
2022/09/02 12:58:12,1,
2022/09/02 12:58:37,1,
2022/09/02 12:58:38,1,
2022/09/02 12:59:15,,1
2022/09/02 12:59:16,,1
2022/09/02 12:59:43,,1
2022/09/02 13:00:12,1,
2022/09/02 13:00:21,1,
2022/09/02 13:00:28,1,
2022/09/02 13:01:02,1,
2022/09/02 13:01:03,,1
2022/09/02 13:01:21,,1
2022/09/02 13:01:56,1,
2022/09/02 13:02:00,1,
2022/09/02 13:03:33,,1
2022/09/02 13:03:45,,1
2022/09/02 13:03:46,,1
2022/09/02 13:03:57,1,
2022/09/02 13:04:41,,1
2022/09/02 13:05:00,,1
2022/09/02 13:05:31,,1
2022/09/02 13:05:32,,1
2022/09/02 13:05:33,,1
2022/09/02 13:05:35,1,
2022/09/02 13:05:56,,1
2022/09/02 13:06:09,1,
2022/09/02 13:06:42,,1
2022/09/02 13:06:48,1,
2022/09/02 13:07:13,,1
2022/09/02 13:07:14,1,
2022/09/02 13:07:15,1,
2022/09/02 13:07:17,1,
2022/09/02 13:07:17,1,
2022/09/02 13:07:54,,1
2022/09/02 13:07:55,,1
2022/09/02 13:08:31,1,
2022/09/02 13:08:34,,1
2022/09/02 13:08:35,,1
2022/09/02 13:08:58,,1
2022/09/02 13:09:01,,1
2022/09/02 13:09:01,,1
2022/09/02 13:09:06,,1
2022/09/02 13:09:07,,1
2022/09/02 13:09:33,1,
2022/09/02 13:09:33,,1
2022/09/02 13:10:03,1,
2022/09/02 13:10:04,1,
2022/09/02 13:11:14,,1
2022/09/02 13:11:39,,1
2022/09/02 13:11:40,,1
2022/09/02 13:12:08,,1
2022/09/02 13:12:09,,1
2022/09/02 13:12:15,1,
2022/09/02 13:12:16,1,
2022/09/02 13:12:31,1,
2022/09/02 13:12:57,,1
2022/09/02 13:13:19,,1
2022/09/02 13:13:42,1,
2022/09/02 13:14:09,1,
2022/09/02 13:15:28,1,
2022/09/02 13:15:29,1,
2022/09/02 13:16:19,1,
2022/09/02 13:16:22,,1
2022/09/02 13:16:23,,1
2022/09/02 13:17:40,,1
2022/09/02 13:18:50,,1
2022/09/02 13:19:46,1,
2022/09/02 13:19:47,,1
2022/09/02 13:19:47,1,
2022/09/02 13:19:49,,1
2022/09/02 13:19:49,,1
2022/09/02 13:19:58,,1
2022/09/02 13:20:01,1,
2022/09/02 13:21:01,1,
2022/09/02 13:21:08,,1
2022/09/02 13:21:13,,1
2022/09/02 13:21:14,,1
2022/09/02 13:21:36,1,
2022/09/02 13:21:39,1,
2022/09/02 13:23:34,,1
2022/09/02 13:23:34,,1
2022/09/02 13:24:22,,1
2022/09/02 13:24:24,,1
2022/09/02 13:25:43,,1
2022/09/02 13:25:44,,1
2022/09/02 13:25:46,,1
2022/09/02 13:25:46,,1
2022/09/02 13:25:55,1,
2022/09/02 13:26:11,1,
2022/09/02 13:26:12,1,
2022/09/02 13:26:44,,1
2022/09/02 13:26:45,,1
2022/09/02 13:26:45,,1
2022/09/02 13:27:29,,1
2022/09/02 13:27:31,1,
2022/09/02 13:27:43,,1
2022/09/02 13:27:50,1,
2022/09/02 13:28:13,1,
2022/09/02 13:28:45,,1
2022/09/02 13:30:47,,1
2022/09/02 13:31:35,,1
2022/09/02 13:31:36,,1
2022/09/02 13:31:37,,1
2022/09/02 13:31:38,,1
2022/09/02 13:33:42,,1
2022/09/02 13:33:42,,1
2022/09/02 13:34:10,,1
2022/09/02 13:34:18,1,
2022/09/02 13:34:25,,1
2022/09/02 13:34:35,1,
2022/09/02 13:34:55,1,
2022/09/02 13:36:48,1,
2022/09/02 13:37:22,1,
2022/09/02 13:38:59,,1
2022/09/02 13:39:13,1,
2022/09/02 13:40:52,1,
2022/09/02 13:40:54,,1
2022/09/02 13:40:54,,1
2022/09/02 13:40:55,,1
2022/09/02 13:40:55,1,
2022/09/02 13:41:36,1,
2022/09/02 13:42:36,,1
2022/09/02 13:42:44,1,
2022/09/02 13:43:12,,1
2022/09/02 13:44:02,,1
2022/09/02 13:44:23,1,
2022/09/02 13:45:17,,1
2022/09/02 13:45:27,1,
2022/09/02 13:45:28,1,
2022/09/02 13:45:30,1,
2022/09/02 13:45:36,,1
2022/09/02 13:46:19,,1
2022/09/02 13:47:08,1,
2022/09/02 13:48:10,,1
2022/09/02 13:48:56,,1
2022/09/02 13:50:14,,1
2022/09/02 13:51:33,,1
2022/09/02 13:52:18,1,
2022/09/02 13:52:31,,1
2022/09/02 13:52:40,1,
2022/09/02 13:53:52,,1
2022/09/02 13:54:29,1,
2022/09/02 13:55:21,,1
2022/09/02 13:56:10,1,
2022/09/02 13:56:25,1,
2022/09/02 13:56:40,,1
2022/09/02 13:57:29,,1
2022/09/02 13:58:03,,1
2022/09/02 13:58:04,,1
2022/09/02 13:58:06,,1
2022/09/02 13:58:06,,1
2022/09/02 13:58:06,,1
2022/09/02 13:58:06,,1
2022/09/02 13:58:19,,1
2022/09/02 13:58:20,,1
2022/09/02 13:58:31,,1
2022/09/02 13:58:50,1,
2022/09/02 13:58:52,1,
2022/09/02 13:58:53,,1
2022/09/02 13:59:03,,1
2022/09/02 13:59:34,,1
2022/09/02 13:59:37,1,
2022/09/02 14:00:24,,1
2022/09/02 14:00:52,1,
2022/09/02 14:02:22,,1
2022/09/02 14:02:24,,1
2022/09/02 14:04:22,1,
2022/09/02 14:05:31,1,
2022/09/02 14:07:17,,1
2022/09/02 14:07:29,,1
2022/09/02 14:09:45,,1
2022/09/02 14:10:15,1,
2022/09/02 14:10:17,1,
2022/09/02 14:11:46,1,
2022/09/02 14:13:26,,1
2022/09/02 14:13:29,1,
2022/09/02 14:13:40,,1
2022/09/02 14:13:42,,1
2022/09/02 14:13:49,,1
2022/09/02 14:14:53,,1
2022/09/02 14:14:54,,1
2022/09/02 14:14:55,,1
2022/09/02 14:15:26,,1
2022/09/02 14:15:27,,1
2022/09/02 14:19:47,1,
2022/09/02 14:22:22,,1
2022/09/02 14:22:22,,1
2022/09/02 14:23:00,,1
2022/09/02 14:23:01,,1
2022/09/02 14:23:41,,1
2022/09/02 14:27:12,,1
2022/09/02 14:27:13,,1
2022/09/02 14:27:27,1,
2022/09/02 14:27:30,,1
2022/09/02 14:27:30,,1
2022/09/02 14:27:30,,1
2022/09/02 14:27:35,,1
2022/09/02 14:27:56,,1
2022/09/02 14:28:37,,1
2022/09/02 14:30:16,1,
2022/09/02 14:30:17,1,
2022/09/02 14:30:19,1,
2022/09/02 14:30:19,,1
2022/09/02 14:31:45,1,
2022/09/02 14:33:06,,1
2022/09/02 14:33:06,,1
2022/09/02 14:33:28,1,
2022/09/02 14:33:56,1,
2022/09/02 14:36:57,1,
2022/09/02 14:38:23,,1
2022/09/02 14:40:59,1,
2022/09/02 14:41:52,,1
2022/09/02 14:41:52,1,
2022/09/02 14:44:30,,1
2022/09/02 14:46:18,,1
2022/09/02 14:49:13,,1
2022/09/02 14:49:16,1,
2022/09/02 14:49:16,,1
2022/09/02 14:49:26,,1
2022/09/02 14:50:07,,1
2022/09/02 14:51:30,,1
2022/09/02 14:53:58,,1
2022/09/02 14:53:59,1,
2022/09/02 14:55:55,1,
2022/09/02 14:57:08,,1
2022/09/02 14:57:44,1,
2022/09/02 14:58:17,1,
2022/09/02 14:58:30,,1
2022/09/02 15:01:23,,1
2022/09/02 15:01:35,,1
2022/09/02 15:06:09,,1
2022/09/02 15:06:09,1,
2022/09/02 15:08:39,1,
2022/09/02 15:10:58,1,
2022/09/02 15:12:24,,1
2022/09/02 15:13:48,1,
2022/09/02 15:16:00,,1
2022/09/02 15:18:48,1,
2022/09/02 15:21:41,,1
2022/09/02 15:22:50,,1
2022/09/02 15:24:35,1,
2022/09/02 15:24:38,,1
2022/09/02 15:25:27,1,
2022/09/02 15:27:02,,1
2022/09/02 15:27:23,,1
2022/09/02 15:27:42,1,
2022/09/02 15:27:51,1,
2022/09/02 15:28:08,,1
2022/09/02 15:29:32,1,
2022/09/02 15:29:35,1,
2022/09/02 15:29:35,1,
2022/09/02 15:32:25,,1
2022/09/02 15:32:27,1,
2022/09/02 15:35:23,1,
2022/09/02 15:36:32,1,
2022/09/02 15:36:32,1,
2022/09/02 15:39:09,,1
2022/09/02 15:39:09,,1
2022/09/02 15:42:18,1,
2022/09/02 15:42:19,1,
2022/09/02 15:43:41,,1
2022/09/02 15:47:11,,1
2022/09/02 15:47:14,1,
2022/09/02 15:48:48,1,
2022/09/02 15:50:42,,1
2022/09/02 15:52:00,1,
2022/09/02 15:52:01,1,
2022/09/02 15:52:56,,1
2022/09/02 15:54:06,,1
2022/09/02 15:59:02,1,
2022/09/02 15:59:03,,1
2022/09/02 16:02:33,1,
2022/09/02 16:02:34,1,
2022/09/02 16:06:24,1,
2022/09/02 16:06:44,,1
2022/09/02 16:17:51,1,
2022/09/02 16:18:50,1,
2022/09/02 16:22:59,1,
2022/09/02 16:23:30,1,
2022/09/02 16:23:53,,1
2022/09/02 16:23:58,,1
2022/09/02 16:24:00,,1
2022/09/02 16:24:49,1,
2022/09/02 16:24:49,1,
2022/09/02 16:25:07,,1
2022/09/02 16:25:07,,1
2022/09/02 16:26:49,,1
2022/09/02 16:27:29,,1
2022/09/02 16:28:42,,1
2022/09/02 16:32:03,1,
2022/09/02 16:32:03,1,
2022/09/02 16:32:04,1,
2022/09/02 16:32:04,,1
2022/09/02 16:32:47,1,
2022/09/02 16:33:12,1,
2022/09/02 16:33:13,1,
2022/09/02 16:33:13,,1
2022/09/02 16:34:56,,1
2022/09/02 16:35:06,,1
2022/09/02 16:35:42,,1
2022/09/02 16:35:42,1,
2022/09/02 16:41:58,,1
2022/09/02 16:42:08,1,
2022/09/02 16:43:13,1,
2022/09/02 16:43:14,1,
2022/09/02 16:43:14,,1
2022/09/02 16:46:45,1,
2022/09/02 16:47:22,1,
2022/09/02 16:51:50,,1
2022/09/02 16:51:53,,1
2022/09/02 16:52:09,1,
2022/09/02 16:52:20,1,
2022/09/02 16:53:27,,1
2022/09/02 16:55:12,,1
2022/09/02 16:56:32,,1
2022/09/02 16:58:08,1,
2022/09/02 16:58:09,1,
2022/09/02 16:58:17,1,
2022/09/02 16:59:05,,1
2022/09/02 17:00:26,1,
2022/09/02 17:00:29,1,
2022/09/02 17:01:47,,1
2022/09/02 17:01:50,1,
2022/09/02 17:02:44,,1
2022/09/02 17:03:26,,1
2022/09/02 17:04:39,,1
2022/09/02 17:05:40,1,
2022/09/02 17:06:28,1,
2022/09/02 17:08:24,1,
2022/09/02 17:13:29,,1
2022/09/02 17:13:32,1,
2022/09/02 17:13:34,1,
2022/09/02 17:15:25,,1
2022/09/02 17:15:56,,1
2022/09/02 17:18:46,1,
2022/09/02 17:18:47,1,
2022/09/02 17:20:00,1,
2022/09/02 17:24:00,1,
2022/09/02 17:24:01,1,
2022/09/02 17:24:15,,1
2022/09/02 17:24:41,1,
2022/09/02 17:24:58,1,
2022/09/02 17:25:29,1,
2022/09/02 17:25:30,1,
2022/09/02 17:25:31,1,
2022/09/02 17:25:41,1,
2022/09/02 17:25:49,,1
2022/09/02 17:25:53,,1
2022/09/02 17:28:04,1,
2022/09/02 17:28:06,,1
2022/09/02 17:28:21,,1
2022/09/02 17:28:49,1,
2022/09/02 17:29:57,,1
2022/09/02 17:31:22,,1
2022/09/02 17:33:08,1,
2022/09/02 17:33:11,1,
2022/09/02 17:33:11,1,
2022/09/02 17:33:11,,1
2022/09/02 17:33:13,1,
2022/09/02 17:33:13,1,
2022/09/02 17:33:25,,1
2022/09/02 17:33:26,,1
2022/09/02 17:33:27,,1
2022/09/02 17:33:28,,1
2022/09/02 17:33:43,,1
2022/09/02 17:35:30,1,
2022/09/02 17:36:03,1,
2022/09/02 17:37:44,,1
2022/09/02 17:37:45,1,
2022/09/02 17:38:46,1,
2022/09/02 17:38:48,1,
2022/09/02 17:39:44,,1
2022/09/02 17:40:09,,1
2022/09/02 17:40:23,1,
2022/09/02 17:40:35,,1
2022/09/02 17:40:36,1,
2022/09/02 17:40:39,,1
2022/09/02 17:41:48,1,
2022/09/02 17:42:25,,1
2022/09/02 17:42:32,1,
2022/09/02 17:42:44,,1
2022/09/02 17:44:03,1,
2022/09/02 17:44:21,,1
2022/09/02 17:45:23,1,
2022/09/02 17:45:24,,1
2022/09/02 17:45:30,1,
2022/09/02 17:45:44,,1
2022/09/02 17:47:29,,1
2022/09/02 17:47:31,,1
2022/09/02 17:47:35,,1
2022/09/02 17:47:43,,1
2022/09/02 17:47:44,1,
2022/09/02 17:51:18,1,
2022/09/02 17:51:19,,1
2022/09/02 17:52:07,,1
2022/09/02 17:52:18,,1
2022/09/02 17:53:17,,1
2022/09/02 17:53:18,,1
2022/09/02 17:53:25,,1
2022/09/02 17:53:37,1,
2022/09/02 17:53:39,1,
2022/09/02 17:55:51,,1
2022/09/02 17:56:07,,1
2022/09/02 17:56:13,1,
2022/09/02 17:56:41,,1
2022/09/02 17:56:42,,1
2022/09/02 17:56:44,,1
2022/09/02 17:56:44,1,
2022/09/02 17:57:12,,1
2022/09/02 17:57:13,1,
2022/09/02 17:57:14,,1
2022/09/02 17:57:14,,1
2022/09/02 17:57:15,,1
2022/09/02 17:57:26,,1
2022/09/02 17:58:00,1,
2022/09/02 17:58:01,,1
2022/09/02 17:58:01,1,
2022/09/02 17:58:04,1,
2022/09/02 17:58:06,,1
2022/09/02 17:58:06,1,
2022/09/02 17:59:07,,1
2022/09/02 18:00:19,,1
2022/09/02 18:00:33,1,
2022/09/02 18:00:34,1,
2022/09/02 18:00:34,,1
2022/09/02 18:00:35,,1
2022/09/02 18:01:25,1,
2022/09/02 18:01:41,1,
2022/09/02 18:01:43,,1
2022/09/02 18:01:48,,1
2022/09/02 18:02:36,1,
2022/09/02 18:02:40,,1
2022/09/02 18:03:14,,1
2022/09/02 18:03:28,,1
2022/09/02 18:03:29,,1
2022/09/02 18:03:30,,1
2022/09/02 18:04:26,,1
2022/09/02 18:04:34,1,
2022/09/02 18:04:42,1,
2022/09/02 18:04:55,1,
2022/09/02 18:05:19,,1
2022/09/02 18:05:49,,1
2022/09/02 18:05:57,1,
2022/09/02 18:05:59,1,
2022/09/02 18:06:00,1,
2022/09/02 18:06:00,1,
2022/09/02 18:06:43,,1
2022/09/02 18:07:27,,1
2022/09/02 18:07:30,,1
2022/09/02 18:07:58,1,
2022/09/02 18:08:00,,1
2022/09/02 18:08:05,,1
2022/09/02 18:09:13,1,
2022/09/02 18:10:37,1,
2022/09/02 18:11:00,1,
2022/09/02 18:11:19,1,
2022/09/02 18:11:42,1,
2022/09/02 18:12:05,,1
2022/09/02 18:12:14,1,
2022/09/02 18:12:56,,1
2022/09/02 18:13:01,,1
2022/09/02 18:13:20,1,
2022/09/02 18:13:27,1,
2022/09/02 18:13:40,,1
2022/09/02 18:14:54,,1
2022/09/02 18:14:54,1,
2022/09/02 18:15:56,1,
2022/09/02 18:16:13,,1
2022/09/02 18:16:23,,1
2022/09/02 18:18:11,,1
2022/09/02 18:18:18,,1
2022/09/02 18:18:50,,1
2022/09/02 18:18:59,,1
2022/09/02 18:19:04,,1
2022/09/02 18:20:38,1,
2022/09/02 18:20:39,,1
2022/09/02 18:20:55,,1
2022/09/02 18:21:02,1,
2022/09/02 18:21:17,,1
2022/09/02 18:21:28,1,
2022/09/02 18:23:27,1,
2022/09/02 18:23:37,,1
2022/09/02 18:23:40,,1
2022/09/02 18:23:41,,1
2022/09/02 18:23:45,1,
2022/09/02 18:23:52,,1
2022/09/02 18:24:19,,1
2022/09/02 18:25:04,1,
2022/09/02 18:25:19,,1
2022/09/02 18:25:48,,1
2022/09/02 18:26:32,,1
2022/09/02 18:26:34,,1
2022/09/02 18:26:37,1,
2022/09/02 18:26:53,1,
2022/09/02 18:27:50,,1
2022/09/02 18:27:54,,1
2022/09/02 18:27:54,,1
2022/09/02 18:27:55,1,
2022/09/02 18:28:16,,1
2022/09/02 18:28:17,,1
2022/09/02 18:28:31,,1
2022/09/02 18:29:08,1,
2022/09/02 18:29:09,1,
2022/09/02 18:30:40,,1
2022/09/02 18:30:42,,1
2022/09/02 18:30:42,,1
2022/09/02 18:30:50,1,
2022/09/02 18:30:50,1,
2022/09/02 18:30:51,1,
2022/09/02 18:31:43,,1
2022/09/02 18:32:38,,1
2022/09/02 18:34:08,,1
2022/09/02 18:35:13,,1
2022/09/02 18:35:35,1,
2022/09/02 18:36:23,1,
2022/09/02 18:36:54,,1
2022/09/02 18:39:36,,1
2022/09/02 18:39:47,,1
2022/09/02 18:39:51,,1
2022/09/02 18:39:53,,1
2022/09/02 18:39:53,1,
2022/09/02 18:39:54,,1
2022/09/02 18:41:14,1,
2022/09/02 18:41:15,1,
2022/09/02 18:41:19,1,
2022/09/02 18:41:37,,1
2022/09/02 18:42:37,1,
2022/09/02 18:44:37,,1
2022/09/02 18:45:23,,1
2022/09/02 18:45:34,,1
2022/09/02 18:46:31,,1
2022/09/02 18:47:53,,1
2022/09/02 18:49:07,,1
2022/09/02 18:50:46,1,
2022/09/02 18:50:49,,1
2022/09/02 18:51:24,,1
2022/09/02 18:51:30,1,
2022/09/02 18:53:18,1,
2022/09/02 18:53:21,1,
2022/09/02 18:53:27,,1
2022/09/02 18:54:51,1,
2022/09/02 18:56:24,1,
2022/09/02 18:56:36,,1
2022/09/02 18:56:45,,1
2022/09/02 18:58:01,,1
2022/09/02 18:59:16,,1
2022/09/02 19:01:13,,1
2022/09/02 19:05:36,,1
2022/09/02 19:06:42,1,
2022/09/02 19:06:43,1,
2022/09/02 19:07:50,,1
2022/09/02 19:08:01,1,
2022/09/02 19:08:03,1,
2022/09/02 19:08:12,,1
2022/09/02 19:08:41,,1
2022/09/02 19:09:16,1,
2022/09/02 19:11:13,1,
2022/09/02 19:11:46,1,
2022/09/02 19:11:47,1,
2022/09/02 19:15:31,,1
2022/09/02 19:16:00,,1
2022/09/02 19:16:28,,1
2022/09/02 19:18:17,,1
2022/09/02 19:20:46,,1
2022/09/02 19:20:47,,1
2022/09/02 19:21:22,1,
2022/09/02 19:21:40,,1
2022/09/02 19:24:33,,1
2022/09/02 19:25:55,,1
2022/09/02 19:26:06,,1
2022/09/02 19:31:32,,1
2022/09/02 19:33:44,,1
2022/09/02 19:35:30,1,
2022/09/02 19:42:19,,1
2022/09/02 19:44:21,,1
2022/09/02 19:51:03,1,
2022/09/02 19:54:57,,1
2022/09/02 19:55:10,,1
2022/09/02 19:55:11,,1
2022/09/02 19:56:23,,1
2022/09/02 19:56:24,,1
2022/09/02 19:57:48,1,
2022/09/02 19:58:07,,1
2022/09/02 20:06:04,1,
2022/09/02 20:10:06,1,
2022/09/02 20:11:08,1,
2022/09/02 20:16:56,,1
2022/09/02 20:16:57,,1
2022/09/02 20:19:10,,1
2022/09/02 20:19:13,,1
2022/09/02 20:19:13,,1
2022/09/02 20:19:45,,1
2022/09/02 20:19:46,,1
2022/09/02 20:21:57,,1
2022/09/02 20:21:58,,1
2022/09/02 20:21:59,,1
2022/09/02 20:22:42,,1
2022/09/02 20:24:02,,1
2022/09/02 20:24:04,,1
2022/09/02 20:47:31,1,
2022/09/02 20:48:13,,1
2022/09/02 20:48:59,,1
2022/09/02 20:50:25,,1
2022/09/02 21:12:48,,1
2022/09/02 21:13:03,,1
2022/09/02 22:06:45,1,
2022/09/02 22:08:13,1,
2022/09/02 22:11:55,,1
2022/09/02 22:27:05,,1
2022/09/02 22:28:48,,1
2022/09/02 22:28:50,,1
2022/09/02 22:34:04,,1
2022/09/02 22:37:35,1,
2022/09/02 22:39:25,,1
2022/09/02 22:39:56,,1
2022/09/02 22:42:17,,1
2022/09/02 22:44:27,,1
2022/09/02 22:44:29,,1
2022/09/02 22:47:58,,1
2022/09/02 22:48:00,,1
2022/09/02 23:32:58,,1
2022/09/02 23:55:43,,1
,,
,,
,,
,,
,,
,,
,,
,,
,,
,,
,,
,,
,,
,,
,,
,,
,,
,,
,,
,,
,,
,,
,,
,,
,,
,,
,,
,,
,,
,,
,,
,,
,,
,,
,,
,,
,,
,,
,,
,,
,,
,,
,,
,,
,,
,,
,,
,,
,,
,,
,,
,,
,,
,,
,,
,,
,,
,,
,,
,,
,,
,,
,,
,,
,,
,,
,,
,,
,,
,,
,,
,,
,,
,,
,,
,,
,,
,,
,,
,,
,,
,,
,,
,,
,,
,,
,,
,,
,,
,,
,,
,,
,,
,,
,,
,,
,,
,,
,,
,,
,,
,,
,,
,,
,,
,,
,,
,,
,,
,,
,,
,,
,,
,,
,,
,,
,,
,,
,,
,,
,,
,,
,,
,,
,,
,,
,,
,,
,,
,,
,,
,,
,,
,,
,,
,,
,,
,,
,,
,,
,,
,,
,,
,,
,,
,,
,,
,,
,,
,,
,,
,,
,,
,,
,,
,,
,,
,,
,,
,,
,,
,,
,,
,,
,,
,,
,,
,,
,,
,,
,,
,,
,,
,,
,,
,,
,,
,,
,,
,,
,,
,,
,,
,,
,,
,,
,,
,,
,,
,,
,,
,,
,,
,,
,,
,,
,,
,,
,,
,,
,,
,,
,,
,,
,,
,,
,,
,,
,,
,,
,,
,,
,,
,,
,,
,,
,,
,,
,,
,,
,,
,,
,,
,,
,,
,,
,,
,,
,,
,,
,,
,,
,,
,,
,,
,,
,,
,,
,,
,,
,,
,,
,,
,,
,,
,,
,,
,,
,,
,,
,,
,,
,,
,,
,,
,,
,,
,,
,,
,,
,,
,,
,,
,,
,,
,,
,,
,,
,,
,,
,,
,,
,,
,,
,,
,,
,,
,,
,,
,,
,,
,,
,,
,,
,,
,,
,,
,,
,,
,,
,,
,,
,,
,,
,,
,,
,,
,,
,,
,,
,,
,,
,,
,,
,,
,,
,,
,,
,,
,,
,,
,,
,,
,,
,,
,,
,,
,,
,,
,,
,,
,,
,,
,,
,,
,,
,,
,,
,,
,,
,,
,,
,,
,,
,,
,,
,,
,,
,,
,,
,,
,,
,,
,,
,,
,,
,,
,,
,,
,,
,,
,,
,,
,,
,,
,,
,,
,,
,,
,,
,,
,,
,,
,,
,,
,,
,,
,,
,,
,,
,,
,,
,,
,,
,,
,,
,,
,,
,,
,,
,,
,,
,,
,,
,,
,,
,,
,,
,,
,,
,,
,,
,,
,,
,,
,,
,,
,,
,,
,,
,,
,,
,,
,,
,,
,,
,,
,,
,,
,,
,,
,,
,,
,,
,,
,,
,,
,,
,,
,,
,,
,,
,,
,,
,,
,,
,,
,,
,,
,,
,,
,,
,,
,,
,,
,,
,,
,,
,,
,,
,,
,,
,,
,,
,,
,,
,,
,,
,,
,,
,,
,,
,,
,,
,,
,,
,,
,,
,,
,,
,,
,,
,,
,,
,,
,,
,,
,,
,,
,,
,,
,,
,,
,,
,,
,,
,,
,,
,,
,,
,,
,,
,,
,,
,,
,,
,,
,,
,,
,,
,,
,,
,,
,,
,,
,,
,,
,,
,,
,,
,,
,,
,,
,,
,,
,,
,,
,,
,,
,,
,,
,,
,,
,,
,,
,,
,,
,,
,,
,,
,,
,,
,,
,,
,,
,,
,,
,,
,,
,,
,,
,,
,,
,,
,,
,,
,,
,,
,,
,,
,,
,,
,,
,,
,,
,,
,,
,,
,,
,,
,,
,,
,,
,,
,,
,,
,,
,,
,,
,,
,,
,,
,,
,,
,,
,,
,,
,,
,,
,,
,,
,,
,,
,,
,,
,,
,,
,,
,,
,,
,,
,,
,,
,,
,,
,,
,,
,,
,,
,,
,,
,,
,,
,,
,,
,,
,,
,,
,,
,,
,,
,,
,,
,,
,,
,,
,,
,,
,,
,,
,,
,,
,,
,,
,,
,,
,,
,,
,,
,,
,,
,,
,,
,,
,,
,,
,,
,,
,,
,,
,,
,,
,,
,,
,,
,,
,,
,,
,,
,,
,,
,,
